test_case_name,map,num_agents,total cells,percentage of available cells,R_up,R_down,success,timelimit_reached,k,m,h,k-res_solution_cost,0-res_sol_cost,delta %,failure types,time_resplan,calls_compute_plan_cbs,time_compute_plan_cbs,mean_compute_plan_cbs,calls_low_level_search_cbs,time_low_level_search_cbs,mean_low_level_search_cbs,calls_safe_interval_table,time_safe_interval_table,mean_safe_interval_table,elapsed_time,cbs_percentage,sipps_percentage,cbs_total_conflicts,cbs_non_resilient_states,starts,goals,empirical_robustness_violations,empirical_robustness_trials,empirical_robustness_wall_time,empirical_robustness_ci_lo,empirical_robustness_ci_hi,error
v2_sweep,map1_30.map,4,900,88.67,8974,1,False,True,8,4,2,,,,['topw'],0,2902,12.7237,0.00438,2905,12.0549,0.00415,2905,4.1695,0.00144,300.3027145527303,51.35,48.65,0,0,"[(6, 1), (21, 29), (26, 20), (8, 8)]","[(18, 7), (7, 28), (12, 22), (1, 16)]",,,,,,
v2_sweep,map1_30.map,4,900,88.67,10698,0,False,True,8,4,2,,,,['tops'],0,2894,9.9728,0.00345,2897,9.3469,0.00323,2897,2.6667,0.00092,300.32093425188214,51.62,48.38,0,0,"[(21, 8), (16, 11), (20, 13), (16, 26)]","[(9, 13), (14, 24), (19, 25), (23, 13)]",,,,,,
v2_sweep,map2_30.map,3,900,93.33,13554,46,True,False,3,3,1,47.698484809835,47.69848480983498,0.0,['individual'],0,2709,25.2917,0.00934,2963,24.5775,0.00829,2963,7.0699,0.00239,77.46271859807894,50.72,49.28,0,0,"[(8, 5), (29, 19), (7, 15)]","[(20, 14), (16, 9), (4, 2)]",,,,,,
v2_sweep,map2_30.map,3,900,93.33,88631,1,False,True,6,3,2,,,,['tops'],0,13018,67.0344,0.00515,13020,63.7463,0.0049,13020,20.9744,0.00161,301.8258562688716,51.26,48.74,0,0,"[(27, 23), (15, 0), (15, 23)]","[(9, 22), (1, 1), (9, 15)]",,,,,,
v2_sweep,map2_30.map,5,900,93.33,1887,0,False,True,10,5,2,,,,['topw'],0,541,2.3588,0.00436,545,2.2252,0.00408,545,0.8703,0.0016,300.09193201968446,51.46,48.54,0,0,"[(6, 7), (20, 18), (11, 29), (11, 26), (10, 14)]","[(17, 0), (26, 2), (22, 28), (24, 21), (4, 16)]",,,,,,
v2_sweep,map3_30.map,3,900,75.11,55264,880,True,False,3,3,1,62.4558441227157,61.62741699796951,1.34,['tops'],0,7171,68.6894,0.00958,7368,66.5939,0.00904,7368,20.9142,0.00284,181.5742152086459,50.77,49.23,0,0,"[(15, 3), (4, 0), (20, 0)]","[(1, 14), (12, 14), (15, 17)]",,,,,,
v2_sweep,map3_30.map,4,900,75.11,12387,0,False,True,8,4,2,,,,['individual'],0,3452,14.4822,0.0042,3455,13.6984,0.00396,3455,4.1098,0.00119,300.3743239277974,51.39,48.61,0,0,"[(14, 19), (14, 10), (13, 8), (19, 2)]","[(4, 9), (24, 25), (26, 18), (16, 22)]",,,,,,
v2_sweep,map3_30.map,5,900,75.11,635,0,False,True,10,5,2,,,,['topw'],0,201,1.0119,0.00503,205,0.963,0.0047,205,0.3282,0.0016,300.05083699710667,51.24,48.76,0,0,"[(0, 3), (19, 14), (21, 29), (25, 20), (26, 3)]","[(3, 21), (9, 26), (0, 26), (11, 25), (25, 21)]",,,,,,
v2_sweep,map4_30.map,4,900,84.56,12192,0,False,True,8,4,2,,,,['tops'],0,2922,11.328,0.00388,2925,10.638,0.00364,2925,4.3409,0.00148,300.3798124161549,51.57,48.43,0,0,"[(15, 15), (7, 19), (9, 13), (8, 15)]","[(8, 21), (1, 15), (4, 27), (19, 19)]",,,,,,
v2_sweep,map4_30.map,5,900,84.56,984,0,False,True,5,5,1,,,,['individual'],0,276,1.6596,0.00601,282,1.5861,0.00562,282,0.6302,0.00223,300.0958457752131,51.13,48.87,0,0,"[(11, 11), (22, 29), (25, 9), (20, 15), (0, 14)]","[(23, 0), (9, 15), (28, 20), (19, 1), (4, 3)]",,,,,,
v2_sweep,map1_40.map,3,1600,88.94,86392,238,True,False,3,3,1,72.01219330881975,72.01219330881975,0.0,['topw'],0,8077,141.481,0.01752,10167,138.1906,0.01359,10167,37.3307,0.00367,304.65383158577606,50.59,49.41,0,0,"[(22, 12), (2, 10), (22, 9)]","[(5, 0), (27, 1), (4, 3)]",,,,,,
v2_sweep,map1_40.map,4,1600,88.94,29051,0,False,True,8,4,2,,,,['individual'],0,6831,37.1642,0.00544,6834,35.5165,0.0052,6834,10.7531,0.00157,600.8338512210175,51.13,48.87,0,0,"[(5, 8), (36, 32), (38, 29), (9, 8)]","[(22, 12), (21, 21), (14, 36), (27, 7)]",,,,,,
v2_sweep,map1_40.map,5,1600,88.94,790,1,False,True,10,5,2,,,,['topw'],0,264,1.7302,0.00655,268,1.6678,0.00622,268,0.7463,0.00278,600.3200309122913,50.92,49.08,0,0,"[(30, 9), (11, 38), (12, 9), (11, 29), (15, 36)]","[(26, 25), (3, 13), (34, 7), (1, 7), (38, 27)]",,,,,,
v2_sweep,map1_40.map,7,1600,88.94,18,1,False,True,7,7,1,,,,['tops'],0,6,0.4729,0.07882,12,0.4699,0.03916,12,0.2792,0.02326,614.5808175131679,50.16,49.84,0,0,"[(19, 22), (14, 30), (28, 27), (15, 32), (0, 4), (0, 10), (0, 37)]","[(10, 34), (29, 25), (13, 28), (2, 12), (20, 12), (5, 31), (21, 30)]",,,,,,
v2_sweep,map2_40.map,3,1600,93.0,117455,17,True,False,3,3,1,80.11269837220809,79.2842712474619,1.04,['individual'],0,13587,174.1134,0.01281,13731,169.9575,0.01238,13731,52.1013,0.00379,533.4423853699118,50.6,49.4,0,0,"[(33, 36), (37, 17), (29, 9)]","[(36, 14), (12, 7), (36, 33)]",,,,,,
v2_sweep,map2_40.map,4,1600,93.0,18032,1,False,True,4,4,1,,,,['individual'],0,3649,26.2934,0.00721,3652,25.3106,0.00693,3652,10.7203,0.00294,600.3152889111079,50.95,49.05,0,0,"[(35, 19), (15, 28), (15, 22), (17, 22)]","[(15, 33), (25, 14), (19, 9), (30, 20)]",,,,,,
v2_sweep,map2_40.map,6,1600,93.0,316,0,False,True,6,6,1,,,,['topw'],0,87,0.9029,0.01038,92,0.8777,0.00954,92,0.4955,0.00539,600.3788901050575,50.71,49.29,0,0,"[(26, 19), (2, 24), (22, 10), (18, 31), (24, 17), (2, 28)]","[(9, 25), (14, 38), (18, 32), (19, 13), (13, 25), (19, 38)]",,,,,,
v2_sweep,map2_40.map,7,1600,93.0,21,0,False,True,14,7,2,,,,['tops'],0,10,0.4901,0.04901,16,0.486,0.03037,16,0.2964,0.01853,606.0730289709754,50.21,49.79,0,0,"[(20, 39), (9, 3), (15, 15), (13, 18), (14, 16), (37, 2), (28, 6)]","[(35, 15), (25, 5), (17, 25), (5, 11), (26, 25), (22, 10), (18, 27)]",,,,,,
v2_sweep,map3_40.map,3,1600,77.44,159089,0,True,False,3,3,1,90.84062043356592,90.84062043356592,0.0,['tops'],0,17629,193.6929,0.01099,17631,188.1164,0.01067,17631,67.9895,0.00386,415.4767370559275,50.73,49.27,0,0,"[(37, 35), (4, 16), (28, 0)]","[(20, 14), (17, 39), (39, 24)]",,,,,,
v2_sweep,map3_40.map,4,1600,77.44,13081,1,False,True,4,4,1,,,,['individual'],0,2945,19.4609,0.00661,2948,18.6691,0.00633,2948,8.0739,0.00274,600.2564176563174,51.04,48.96,0,0,"[(20, 17), (18, 22), (0, 3), (39, 11)]","[(38, 7), (4, 8), (27, 5), (13, 1)]",,,,,,
v2_sweep,map3_40.map,5,1600,77.44,1536,1,False,True,5,5,1,,,,['topw'],0,341,2.4927,0.00731,345,2.3974,0.00695,345,0.9976,0.00289,600.1104509858415,50.97,49.03,0,0,"[(34, 24), (26, 20), (4, 22), (5, 39), (27, 34)]","[(19, 22), (37, 9), (20, 36), (26, 36), (2, 33)]",,,,,,
v2_sweep,map3_40.map,6,1600,77.44,85,1,False,True,12,6,2,,,,['tops'],0,36,0.5942,0.01651,45,0.5833,0.01296,45,0.306,0.0068,600.7331534940749,50.46,49.54,0,0,"[(37, 13), (17, 1), (27, 20), (21, 3), (24, 22), (8, 22)]","[(36, 35), (38, 14), (2, 11), (33, 21), (25, 1), (34, 24)]",,,,,,
v2_sweep,map3_40.map,7,1600,77.44,15,0,False,True,7,7,1,,,,['individual'],0,5,5.9954,1.19909,15,5.9896,0.39931,15,0.2853,0.01902,609.5751829701476,50.02,49.98,0,0,"[(24, 32), (23, 7), (33, 26), (23, 19), (4, 26), (21, 21), (23, 21)]","[(38, 14), (38, 20), (19, 18), (6, 31), (19, 36), (27, 38), (36, 10)]",,,,,,
v2_sweep,map4_40.map,4,1600,85.12,18309,157,False,True,4,4,1,,,,['individual'],0,3359,25.9093,0.00771,3558,24.9068,0.007,3558,10.0206,0.00282,600.3308887570165,50.99,49.01,0,0,"[(21, 29), (11, 28), (35, 18), (0, 10)]","[(15, 9), (4, 10), (12, 19), (17, 13)]",,,,,,
v2_sweep,map4_40.map,5,1600,85.12,2078,0,False,True,5,5,1,,,,['topw'],0,661,4.157,0.00629,665,3.9954,0.00601,665,1.9997,0.00301,600.2425744938664,50.99,49.01,0,0,"[(34, 8), (23, 4), (3, 4), (36, 7), (23, 0)]","[(21, 23), (26, 22), (18, 11), (20, 20), (6, 2)]",,,,,,
v2_sweep,map4_40.map,6,1600,85.12,179,1,False,True,12,6,2,,,,['tops'],0,75,0.653,0.00871,80,0.6344,0.00793,80,0.3791,0.00474,603.9427971900441,50.72,49.28,0,0,"[(32, 14), (26, 37), (7, 14), (20, 22), (25, 24), (6, 25)]","[(20, 2), (9, 29), (24, 19), (35, 0), (38, 16), (25, 25)]",,,,,,
